"Cloudflare Turnstile invalid input response","Cloudflare Turnstile invalid input response"
Author:,Author:
"Webkul Software Private Limited","Webkul Software Private Limited"
Webkul,Webkul
"User Guide:","User Guide:"
"Click here","Click here"
"Store Extension:","Store Extension:"
Ticket/Customisations:,Ticket/Customisations:
Services:,Services:
"Version: %1","Version: %1"
"Apply Discount Code","Apply Discount Code"
"Enter discount code","Enter discount code"
"Apply Discount","Apply Discount"
"Cancel Coupon","Cancel Coupon"
"Cloudflare Turnstile validation failed, please reload the page and try again","Cloudflare Turnstile validation failed, please reload the page and try again"
"Cloudflare Turnstile validation failed, please try again","Cloudflare Turnstile validation failed, please try again"
"CloudFlare Turnstile","CloudFlare Turnstile"
"CloudFlare Site Key","CloudFlare Site Key"
"CloudFlare Secret Key","CloudFlare Secret Key"
"Storefront Visibility","Storefront Visibility"
"Enable for Customer Login","Enable for Customer Login"
"Enable for Forgot Password","Enable for Forgot Password"
"Enable for Create New Customer Account","Enable for Create New Customer Account"
"Enable for Edit Customer Account","Enable for Edit Customer Account"
"Enable for Contact Us","Enable for Contact Us"
"Enable for Product Review","Enable for Product Review"
"Enable for Checkout/Placing Order","Enable for Checkout/Placing Order"
"Enable for Coupon Codes","Enable for Coupon Codes"
"Cloudflare Turnstile Information","Cloudflare Turnstile Information"
